"Qty";"Value";"Device";"Package";"Parts";"Description";"CENTROID_NOT_SPECIFIED";"CONTACT_RESISTANCE";"COPYRIGHT";"DATASHEET";"DIGI-KEY_PART_NUMBER_1";"LEAD_FREE";"MANUFACTURER_PART_NUMBER";"MF";"MFR_NAME";"MOUSER_PART_NUMBER";"MPN";"PACKAGE";"PREFIX";"PROD_ID";"RATING_(MAX.)/(MIN.)_(RESISTIVE_LOAD)";"ROHS";"SF_SKU";"SPICEPREFIX";"TEMPERATURE_RANGE_HIGH";"TEMPERATURE_RANGE_LOW";"TP_SIGNAL_NAME";"VOLTAGE";
"64";"";"LEDCHIP-LED0603";"CHIP-LED0603";"LED1, LED2, LED3, LED4, LED5, LED6, LED7, LED8, LED9, LED10, LED11, LED12, LED13, LED14, LED15, LED16, LED17, LED18, LED19, LED20, LED21, LED22, LED23, LED24, LED25, LED26, LED27, LED28, LED29, LED30, LED31, LED32, LED33, LED34, LED35, LED36, LED37, LED38, LED39, LED40, LED41, LED42, LED43, LED44, LED45, LED46, LED47, LED48, LED49, LED50, LED51, LED52, LED53, LED54, LED55, LED56, LED57, LED58, LED59, LED60, LED61, LED62, LED63, LED64";"LED";"";"";"";"";"";"";"";"";"";"";"";"";"";"";"";"";"";"";"";"";"";"";
"1";"";"MOMENTARY-SWITCH-SPST-2-SMD-5.2MM";"TACTILE_SWITCH_SMD_5.2MM";"S1";"Momentary Switch (Pushbutton) - SPST - Two Circuits";"";"";"";"";"";"";"";"";"";"";"";"";"";"SWCH-08247";"";"";"COM-08720";"";"";"";"";"";
"1";"0.1uF";"C-USC0603";"C0603";"C9";"CAPACITOR, American symbol";"";"";"";"";"";"";"";"";"";"";"";"";"";"";"";"";"";"C";"";"";"";"";
"2";"10k";"R-US_R0603";"R0603";"R1, R2";"RESISTOR, American symbol";"";"";"";"";"";"";"";"";"";"";"";"";"";"";"";"";"";"R";"";"";"";"";
"1";"4-PIN-1.25MM";"4-PIN-1.25MM";"4-PIN-1.25MM";"PROG";"";"";"";"";"";"";"";"";"";"";"";"";"";"";"";"";"";"";"";"";"";"";"";
"8";"500r";"R-US_R0603";"R0603";"R3, R4, R5, R6, R7, R8, R9, R10";"RESISTOR, American symbol";"";"";"";"";"";"";"";"";"";"";"";"";"";"";"";"";"";"R";"";"";"";"";
"1";"ALPS_SSSS811101ALPS_SSSS811101_0_0";"ALPS_SSSS811101ALPS_SSSS811101_0_0";"ALPS_SSSS811101_0";"SW1";"1.4(H)mm, 1.5/2.0mm-travel Surface Mount Type";"No";"70mΩ";"";"http://www.alps.com/prod/info/E/HTML/Switch/Slide/SSSS8/SSSS811101.html";"";"yes";"";"ALPS";"";"688-SSSS811101";"SSSS811101";"SMD_SW_SPDT";"SW";"";"0.3A 5V DC/50µA 3V DC";"yes";"";"";"+85°C";"-40°C";"";"";
"1";"BH-49A-5BH-49A-5_ADM";"BH-49A-5BH-49A-5_ADM";"BH-49A-5_ADM";"B1";"";"";"";"Copyright (C) 2023 Ultra Librarian. All rights reserved.";"";"2057-BH-49A-5-ND";"";"BH-49A-5";"";"ADAM TECHNOLOGIES INC";"";"";"";"";"";"";"";"";"";"";"";"";"";
"2";"PTR1B1,27";"PTR1B1,27";"B1,27";"RX, TX";"TEST PIN";"";"";"";"";"";"";"";"";"";"";"";"";"";"";"";"";"";"";"";"";"";"";
"1";"STM32L431CC";"STM32L431CC";"QFP50P900X900X160-48";"U$2";"";"";"";"";"";"";"";"";"";"";"";"";"";"";"";"";"";"";"";"";"";"";"";
